start	end	text
0	1180	Ah, Kamala Harris.
1820	3160	What an inspiring figure.
4200	6380	I remember the first time I really paid attention to her.
6800	9280	It was during the 2020 Democratic debates.
9740	12820	There she was, standing competently on that stage.
13260	15060	Her powerful presence making waves
15060	17000	as she challenged the status quo.
17400	20320	I was captivated by the way she seamlessly balanced toughness
20320	21400	with authenticity.
22280	24480	A rare quality in politics, if you ask me.
25100	26720	Her journey is captivating too,
27300	29380	born to immigrant parents who instilled in her
29380	31100	the values of hard work and resilience.
31600	34360	I've always found that personal backstory adds depth
34360	37040	to a public figure, and hers does just that.
37600	39460	Being the first female vice president
39460	42080	and the first black and South Asian vice president,
42440	43740	she broke so many barriers.
44320	46560	I vividly recall how emotional it felt
46560	47920	when she took the oath of office.
48440	51240	Her smile seemed to radiate a sense of hope for so many.
51660	53260	But it isn't all smooth sailing.
53740	56280	The challenges she faces in her position are astounding,
56620	58960	from navigating intricate international affairs
58960	61340	to tackling domestic issues like health care
61340	62200	and social justice.
62640	65140	However, what really struck me was her willingness
65140	68040	to address the overwhelming pressures of her role head on,
68440	71240	proving that even the most powerful figures are human too.
71740	73240	Yet there's so much more to discover
73240	74760	about her approach to leadership
74760	76940	and the decisions she'll make in the coming years.
77260	79020	What drives her amidst all the scrutiny
79020	81620	and what legacy is she determined to leave behind?
82360	84680	I'm curious, what do you think her next big move could be
84680	86980	and what impact might it have on her journey?
